Country Name,Country Code,Indicator Name,Indicator Code,1970,1971,1972,1973,1974,1975,1976,1977,1978,1979,1980,1981,1982,1983,1984,1985,1986,1987,1988,1989,1990,1991,1992,1993,1994,1995,1996,1997,1998,1999,2000,2001,2002,2003,2004,2005,2006,2007,2008,2009,2010,2011,2012,2013,2014,2015,2016,2017,2018,2019
Aruba,ABW,"Literacy rate, adult total (% of people ages 15 and above)",SE.ADT.LITR.ZS,,,,,,,,,,,,,,,,,,,,,,,,,,,,,,,97.29125,,,,,,,,,,96.82264,,,,,,,,97.80742,
Afghanistan,AFG,"Literacy rate, adult total (% of people ages 15 and above)",SE.ADT.LITR.ZS,,,,,,,,,,18.15768051,,,,,,,,,,,,,,,,,,,,,,,,,,,,,,,,31.74112,,,,,,,43.01972,
Angola,AGO,"Literacy rate, adult total (% of people ages 15 and above)",SE.ADT.LITR.ZS,,,,,,,,,,,,,,,,,,,,,,,,,,,,,,,,67.40542,,,,,,,,,,,,,66.03011,,,,,
Albania,ALB,"Literacy rate, adult total (% of people ages 15 and above)",SE.ADT.LITR.ZS,,,,,,,,,,,,,,,,,,,,,,,,,,,,,,,,98.71298,,,,,,,95.93864,,,96.8453,97.24697,,,,,,98.14115,
Andorra,AND,"Literacy rate, adult total (% of people ages 15 and above)",SE.ADT.LITR.ZS,,,,,,,,,,,,,,,,,,,,,,,,,,,,,,,,,,,,,,,,,,,,,,,,,,
Arab World,ARB,"Literacy rate, adult total (% of people ages 15 and above)",SE.ADT.LITR.ZS,,,,,,,,,47.17525101,47.65140152,48.190979,48.72034073,49.31280136,49.4609108,50.22211838,51.00671005,51.9248085,52.47986984,53.43741989,54.30371094,55.22864914,56.30249023,57.21007919,57.90467834,58.71620941,59.68523026,61.15467834,61.91184998,63.11761856,64.17577362,65.11592865,66.33673096,67.52146912,70.1877594,71.17532349,71.75141907,69.65244293,70.13626099,71.08016205,69.8055191,70.76441,72.59386,73.7217,73.94749,74.61962,75.11764,73.69399,74.47393,74.5966,
United Arab Emirates,ARE,"Literacy rate, adult total (% of people ages 15 and above)",SE.ADT.LITR.ZS,,,,,,53.51488113,,,,,,,,,,71.23529816,,,,,,,,,,,,,,,,,,,,90.03385,,,,,,,,,,,,,,
Argentina,ARG,"Literacy rate, adult total (% of people ages 15 and above)",SE.ADT.LITR.ZS,,,,,,,,,,,93.91285706,,,,,,,,,,,96.12819672,,,,,,,,,,97.19331,,,,,98.6108,,,98.98342,98.95497,99.10833,99.10523,99.12195,98.99389,99.17996,99.12501,,99.00387,
Armenia,ARM,"Literacy rate, adult total (% of people ages 15 and above)",SE.ADT.LITR.ZS,,,,,,,,,,,,,,,,,,,,98.75196075,,,,,,,,,,,,99.40016,,,,,,,,,,99.74441,,,,,,99.73607,,
American Samoa,ASM,"Literacy rate, adult total (% of people ages 15 and above)",SE.ADT.LITR.ZS,,,,,,,,,,,97.34416199,,,,,,,,,,,,,,,,,,,,,,,,,,,,,,,,,,,,,,,
Antigua and Barbuda,ATG,"Literacy rate, adult total (% of people ages 15 and above)",SE.ADT.LITR.ZS,,,,,,,,,,,,,,,,,,,,,,,,,,,,,,,,98.95,,,,,,,,,,98.95,,,,98.95,,,,
Australia,AUS,"Literacy rate, adult total (% of people ages 15 and above)",SE.ADT.LITR.ZS,,,,,,,,,,,,,,,,,,,,,,,,,,,,,,,,,,,,,,,,,,,,,,,,,,
Austria,AUT,"Literacy rate, adult total (% of people ages 15 and above)",SE.ADT.LITR.ZS,,,,,,,,,,,,,,,,,,,,,,,,,,,,,,,,,,,,,,,,,,,,,,,,,,
Azerbaijan,AZE,"Literacy rate, adult total (% of people ages 15 and above)",SE.ADT.LITR.ZS,,,,,,,,,,,,,,,,,,,,,,,,,,,,,,98.79180145,,,,,,,,99.60191,,99.75984,99.77114,99.77863,99.77577,99.78936,99.78899,99.78806,99.79006,99.79123,,
Burundi,BDI,"Literacy rate, adult total (% of people ages 15 and above)",SE.ADT.LITR.ZS,,,,,,,,,,22.50855064,,,,,,,,,,,37.38471985,,,,,,,,,,59.30362,,,,,,,,48.08406,,,,,,61.56973,,,68.37533,,
Belgium,BEL,"Literacy rate, adult total (% of people ages 15 and above)",SE.ADT.LITR.ZS,,,,,,,,,,,,,,,,,,,,,,,,,,,,,,,,,,,,,,,,,,,,,,,,,,
Benin,BEN,"Literacy rate, adult total (% of people ages 15 and above)",SE.ADT.LITR.ZS,,,,,,,,,,16.48278999,,,,,,,,,,,,,27.2452507,,,,,,,,,,34.65785,,,,28.70211,,,,,,32.94882,,,,,,42.3624,
Burkina Faso,BFA,"Literacy rate, adult total (% of people ages 15 and above)",SE.ADT.LITR.ZS,,,,,,8.685150146,,,,,,,,,,,,,,,,13.56923008,,,,,12.84817028,,,,,,,21.82292,,23.55372,22.47258,28.72921,,,,,,,34.5994,,,,41.22445,
Bangladesh,BGD,"Literacy rate, adult total (% of people ages 15 and above)",SE.ADT.LITR.ZS,,,,,,,,,,,,29.22723007,,,,,,,,,,35.31930161,,,,,,,,,,47.4855,,,,,,46.6636,,,,58.76918,57.86075,61.01554,61.0933,65.13733,72.75872,72.89297,73.9122,
Bulgaria,BGR,"Literacy rate, adult total (% of people ages 15 and above)",SE.ADT.LITR.ZS,,,,,,,,,,,,,,,,,,,,,,,,,,,,,,,,98.20356,,,,,,,,,,98.35245,,,,,,,,
Bahrain,BHR,"Literacy rate, adult total (% of people ages 15 and above)",SE.ADT.LITR.ZS,,,,,,,,,,,,69.75350952,,,,,,,,,,84.01383209,,,,,,,,,,86.54874,,,,,,,,,90.9774,,,,,,97.06668,97.40389,97.46419,
"Bahamas, The",BHS,"Literacy rate, adult total (% of people ages 15 and above)",SE.ADT.LITR.ZS,,,,,,,,,,,,,,,,,,,,,,,,,,,,,,,,,,,,,,,,,,,,,,,,,,
Bosnia and Herzegovina,BIH,"Literacy rate, adult total (% of people ages 15 and above)",SE.ADT.LITR.ZS,,,,,,,,,,,,,,,,,,,,,,89.063591,,,,,,,,,96.6631,,,,,,,,,,,98.14204,,96.99177,,,,,,
Belarus,BLR,"Literacy rate, adult total (% of people ages 15 and above)",SE.ADT.LITR.ZS,,,,,,,,,,,,,,,,,,,,97.88336945,,,,,,,,,,99.59072876,,,,,,,,,,99.61706,,,,,,,,,99.75656,
Belize,BLZ,"Literacy rate, adult total (% of people ages 15 and above)",SE.ADT.LITR.ZS,,,,,,,,,,,,,,,,,,,,,,70.29842377,,,,,,,,,,,,,,,,,,,,,,,,,,,,
Bermuda,BMU,"Literacy rate, adult total (% of people ages 15 and above)",SE.ADT.LITR.ZS,,,,,,,,,,,,,,,,,,,,,,,,,,,,,,,,,,,,,,,,,,,,,,,,,,
Bolivia,BOL,"Literacy rate, adult total (% of people ages 15 and above)",SE.ADT.LITR.ZS,,,,,,,63.20814896,,,,,,,,,,,,,,,,79.99176788,,,,,,,,,86.72367,,,,,,90.74347,90.69811,91.16783,,92.22615,94.46057,,,92.45508,,,,
Brazil,BRA,"Literacy rate, adult total (% of people ages 15 and above)",SE.ADT.LITR.ZS,,,,,,,,,,,74.58673096,,,,,,,,,,,,,,,,,,,,86.36788,,,,88.61624,,89.61523,90.00937,90.03662,90.29821,90.37918,91.41124,91.33785,91.48424,91.72943,92.0479,92.80844,93.07582,93.2275,
Barbados,BRB,"Literacy rate, adult total (% of people ages 15 and above)",SE.ADT.LITR.ZS,99.26808167,,,,,,,,,,,,,,99.59999847,,,,,,,,,,99.59999847,,,,,,,,,,99.6,,,,,,,,,,99.6,,,,,
Brunei Darussalam,BRN,"Literacy rate, adult total (% of people ages 15 and above)",SE.ADT.LITR.ZS,,,,,,,,,,,,77.73549652,,,,,,,,,,87.80417633,,,,,,,,,,92.67113,,,,,,,,,,96.08556,,,,,,,97.21411,
Bhutan,BTN,"Literacy rate, adult total (% of people ages 15 and above)",SE.ADT.LITR.ZS,,,,,,,,,,,,,,,,,,,,,,,,,,,,,,,,,,,,52.81469,,,,,,,57.0336,,,,,66.56115,,
Botswana,BWA,"Literacy rate, adult total (% of people ages 15 and above)",SE.ADT.LITR.ZS,,,,,,,,,,,,,,,,,,,,,,68.58090973,,,,,,,,,,,,81.18871,,,,,,,,,,86.82318,87.7,,,,,
Central African Republic,CAF,"Literacy rate, adult total (% of people ages 15 and above)",SE.ADT.LITR.ZS,,,,,,18.23616982,,,,,,,,,,,,,33.62442017,,,,,,,,,,,,50.64517,,,,,,,,,,36.75261,,,,,,,,37.39582,
Canada,CAN,"Literacy rate, adult total (% of people ages 15 and above)",SE.ADT.LITR.ZS,,,,,,,,,,,,,,,,,,,,,,,,,,,,,,,,,,,,,,,,,,,,,,,,,,
Central Europe and the Baltics,CEB,"Literacy rate, adult total (% of people ages 15 and above)",SE.ADT.LITR.ZS,,,,,,,,,,,,,97.98486328,98.00900269,98.04586029,98.07749939,98.1027832,98.13768768,98.03418732,98.0908432,98.1505127,98.1968689,98.24710083,98.28861237,98.33435059,98.37998962,98.4196701,98.45884705,98.54361725,98.47383118,98.50942993,98.53637695,98.56638336,98.58281708,98.60521698,98.62831116,98.63603973,98.65450287,98.69248962,98.89840698,98.91732,98.93486,98.9454,98.95481,98.96629,98.97773,98.99005,,,
Switzerland,CHE,"Literacy rate, adult total (% of people ages 15 and above)",SE.ADT.LITR.ZS,,,,,,,,,,,,,,,,,,,,,,,,,,,,,,,,,,,,,,,,,,,,,,,,,,
Channel Islands,CHI,"Literacy rate, adult total (% of people ages 15 and above)",SE.ADT.LITR.ZS,,,,,,,,,,,,,,,,,,,,,,,,,,,,,,,,,,,,,,,,,,,,,,,,,,
Chile,CHL,"Literacy rate, adult total (% of people ages 15 and above)",SE.ADT.LITR.ZS,,,,,,,,,,,,,91.12840271,,,,,,,,,,94.2911377,,,,,,,,,,95.71662,,,,,,98.64901,98.55368,,96.70301,,96.26706,,96.87413,,96.40228,,
China,CHN,"Literacy rate, adult total (% of people ages 15 and above)",SE.ADT.LITR.ZS,,,,,,,,,,,,,65.50508881,,,,,,,,77.78505707,,,,,,,,,,90.92021,,,,,,,,,,95.12448,,,,,,,,96.84089,
Cote d'Ivoire,CIV,"Literacy rate, adult total (% of people ages 15 and above)",SE.ADT.LITR.ZS,,,,,,,,,,,,,,,,,,,34.13927841,,,,,,,,,,36.3502388,,48.74076,,,,,,,,,,,,40.98163,,43.90842,,,,47.16535,
Cameroon,CMR,"Literacy rate, adult total (% of people ages 15 and above)",SE.ADT.LITR.ZS,,,,,,,41.21620941,,,,,,,,,,,,,,,,,,,,,,,,68.40916,,,,,,,70.67994,,,71.29051,,,,,,,,77.07104,
"Congo, Dem. Rep.",COD,"Literacy rate, adult total (% of people ages 15 and above)",SE.ADT.LITR.ZS,,,,,,,,,,,,,,,,,,,,,,,,,,,,,,,,67.17299,,,,,,61.20555,,,,,75.01719,,,,77.04268,,,
"Congo, Rep.",COG,"Literacy rate, adult total (% of people ages 15 and above)",SE.ADT.LITR.ZS,,,,,,,,,,,,,,,,,,,,,,,,,,,,,,,,,,,,,,,,,,79.31117,,,,,,,80.29876,
Colombia,COL,"Literacy rate, adult total (% of people ages 15 and above)",SE.ADT.LITR.ZS,,,,,,,,,,,,,,,,,,,,,,,,91.06308746,,,91.20716095,,,,,,,,92.80378,92.84866,92.29968,92.65179,93.37818,93.24469,93.37233,93.58053,,,94.18625,94.24505,94.65385,,95.09251,
Comoros,COM,"Literacy rate, adult total (% of people ages 15 and above)",SE.ADT.LITR.ZS,,,,,,,,,,,47.91923141,,,,,,,,,,,,,,,,,,,,68.48923,,,,,,,,,,,,49.19614,,,,,,58.81702,
Cabo Verde,CPV,"Literacy rate, adult total (% of people ages 15 and above)",SE.ADT.LITR.ZS,,,,,,,,,,,,,,,,,,,,,62.79685974,,,,,,,,,,,,,,81,,,,,,,,85.32779,,,86.79029,,,,
Costa Rica,CRI,"Literacy rate, adult total (% of people ages 15 and above)",SE.ADT.LITR.ZS,,,,,,,,,,,,,,,92.62904358,,,,,,,,,,,,,,,,94.86819,,,,,,,,,,,97.40658,,,,,,,97.86379,
Caribbean small states,CSS,"Literacy rate, adult total (% of people ages 15 and above)",SE.ADT.LITR.ZS,,,,,,,,,,,,,,,,,,,,,,,,86.24558258,86.29177094,86.55712891,86.80342102,87.05032349,87.29929352,86.98088837,87.82008362,88.10883331,88.37471008,88.62844086,88.88195801,89.16519165,89.3398819,89.92343903,90.16815948,90.37497711,90.60098,90.79542,90.80851,90.8723,91.0397,91.12809,,,,
Cuba,CUB,"Literacy rate, adult total (% of people ages 15 and above)",SE.ADT.LITR.ZS,,,,,,,,,,,,97.84664917,,,,,,,,,,,,,,,,,,,,,99.79907,,,,,,,,,,99.75253,,,,,,,
Curacao,CUW,"Literacy rate, adult total (% of people ages 15 and above)",SE.ADT.LITR.ZS,,,,,,,,,,,,,,,,,,,,,,,,,,,,,,,,,,,,,,,,,,,,,,,,,,
Cayman Islands,CYM,"Literacy rate, adult total (% of people ages 15 and above)",SE.ADT.LITR.ZS,,,,,,,,,,,,,,,,,,,,,,,,,,,,,,,,,,,,,,98.86782,,,,,,,,,,,,
Cyprus,CYP,"Literacy rate, adult total (% of people ages 15 and above)",SE.ADT.LITR.ZS,,,,,,,,,,,,,,,,,,,,,,,94.36247253,,,,,,,,,96.80363,,,,,,,,,,98.67843,,,,,,,,
Czech Republic,CZE,"Literacy rate, adult total (% of people ages 15 and above)",SE.ADT.LITR.ZS,,,,,,,,,,,,,,,,,,,,,,,,,,,,,,,,,,,,,,,,,,,,,,,,,,
Germany,DEU,"Literacy rate, adult total (% of people ages 15 and above)",SE.ADT.LITR.ZS,,,,,,,,,,,,,,,,,,,,,,,,,,,,,,,,,,,,,,,,,,,,,,,,,,
Djibouti,DJI,"Literacy rate, adult total (% of people ages 15 and above)",SE.ADT.LITR.ZS,,,,,,,,,,,,,,,,,,,,,,,,,,,,,,,,,,,,,,,,,,,,,,,,,,
Dominica,DMA,"Literacy rate, adult total (% of people ages 15 and above)",SE.ADT.LITR.ZS,,,,,,,,,,,,,,,,,,,,,,,,,,,,,,,,,,,,,,,,,,,,,,,,,,
Denmark,DNK,"Literacy rate, adult total (% of people ages 15 and above)",SE.ADT.LITR.ZS,,,,,,,,,,,,,,,,,,,,,,,,,,,,,,,,,,,,,,,,,,,,,,,,,,
Dominican Republic,DOM,"Literacy rate, adult total (% of people ages 15 and above)",SE.ADT.LITR.ZS,,,,,,,,,,,,73.06456757,,,,,,,,,,,,,,,,,,,,,86.99647,,,,,88.24446,,,89.53873,90.10638,90.15518,90.85815,91.76376,91.99121,93.77846,,,
Algeria,DZA,"Literacy rate, adult total (% of people ages 15 and above)",SE.ADT.LITR.ZS,,,,,,,,,,,,,,,,,,49.63087845,,,,,,,,,,,,,,,69.8735,,,,72.64868,,75.13605,,,,,,,,,,81.40784,
East Asia & Pacific (excluding high income),EAP,"Literacy rate, adult total (% of people ages 15 and above)",SE.ADT.LITR.ZS,,,,,,,63.85319138,64.02174377,65.13854218,66.29557037,66.81149292,68.50621796,69.36495209,70.66796112,71.7142868,72.71466827,73.6424408,74.88021088,79.2213974,79.91346741,79.78829193,81.07843781,81.59220123,82.06098175,82.60449982,83.14112091,83.67756653,89.31780243,89.68923187,90.02454376,90.55638885,90.79418182,91.17562866,91.55072021,92.09281158,92.46090698,92.8840332,93.96150208,94.20285034,94.50540161,94.60775,94.45593,94.67794,94.77902,95.19566,95.40914,95.52339,95.72633,95.86556,
Early-demographic dividend,EAR,"Literacy rate, adult total (% of people ages 15 and above)",SE.ADT.LITR.ZS,,,,,,48.98603058,49.20119858,49.82175827,50.4405899,51.03562164,51.10604095,51.87763977,52.82164001,53.43305969,54.22085953,54.87205124,55.49100113,56.37620163,57.11584091,57.79943848,58.65626907,59.13957977,60.16296005,60.94900131,61.74475861,62.53831863,63.27360153,63.93399811,66.96061707,67.5734787,68.25006104,68.6783371,69.37348938,70.40602875,71.19555664,71.10224915,71.24558258,72.19947815,73.28024292,74.12976837,75.28231,75.28606,75.91448,76.49256,77.23448,77.95227,78.57369,79.01262,79.35073,
East Asia & Pacific,EAS,"Literacy rate, adult total (% of people ages 15 and above)",SE.ADT.LITR.ZS,,,,,,,65.7590332,65.95391083,66.98686218,68.05796814,68.51947784,70.11669159,70.87751007,72.06401062,73.02134705,73.93724823,74.7871933,75.96392059,79.86815643,80.51106262,80.41609192,81.5844574,82.0579071,82.48622131,83.00354767,83.51239777,84.02237701,89.07652283,89.43335724,89.79080963,90.31352997,90.52139282,90.90912628,91.30444336,91.86688232,92.24886322,92.67140961,93.66029358,93.93315887,94.22499847,94.26817,94.07541,94.31349,94.42047,94.91781,95.13715,95.25384,95.46465,95.6076,
Europe & Central Asia (excluding high income),ECA,"Literacy rate, adult total (% of people ages 15 and above)",SE.ADT.LITR.ZS,,,,,,,,,,,,,,93.70716095,94.50653076,94.76065826,94.8504715,95.02375793,95.20906067,95.3310318,95.56945038,95.60775757,95.73017883,95.85115814,95.97090149,96.09277344,96.27172852,96.38320923,96.70796967,96.77288055,96.88841248,96.96607208,97.05272675,97.12626648,97.29122925,97.49430847,97.45812988,97.55348969,97.55825043,98.08685303,98.38939,98.6356,98.76158,98.81141,98.84282,98.87197,98.98786,98.96444,99.0011,
Europe & Central Asia,ECS,"Literacy rate, adult total (% of people ages 15 and above)",SE.ADT.LITR.ZS,,,,,,,,,,,,,,,,,,,,,,,,,95.67311096,95.81220245,95.97373199,96.09992981,96.35246277,96.46463776,96.58328247,96.66436005,96.80673218,96.89122772,96.98104095,96.97740936,97.13384247,97.13419342,97.2484436,97.4167099,97.58114,97.89486,97.99824,98.06956,98.11637,98.16487,98.25469,98.27194,98.33417,
Ecuador,ECU,"Literacy rate, adult total (% of people ages 15 and above)",SE.ADT.LITR.ZS,,,,,,,,,,,,,83.5526886,,,,,,,,88.29875946,,,,,,,,,,,90.98403,,,,,,92.09679,92.39005,92.24976,91.85404,91.5869,92.06473,93.29463,94.22264,94.45566,94.35023,92.82979,,
"Egypt, Arab Rep.",EGY,"Literacy rate, adult total (% of people ages 15 and above)",SE.ADT.LITR.ZS,,,,,,,38.19675827,,,,,,,,,,44.42398834,,,,,,,,,,55.5870018,,,,,,,,,71.40886,66.36991,,,,72.04785,,73.86559,75.06073,,,,71.16825,,
Euro area,EMU,"Literacy rate, adult total (% of people ages 15 and above)",SE.ADT.LITR.ZS,,,,,,,,,,,,,,,,,,,,,,,,,,,,,,,,,,,,,,,,,,,,,,,,,,
Eritrea,ERI,"Literacy rate, adult total (% of people ages 15 and above)",SE.ADT.LITR.ZS,,,,,,,,,,,,,,,,,,,,,,,,,,,,,,,,,52.51395,,,,,,64.66297,,,,,,,,,,76.57052,
Spain,ESP,"Literacy rate, adult total (% of people ages 15 and above)",SE.ADT.LITR.ZS,,,,,,,,,,,,92.80976868,,,,,,,,,,96.49497223,,,,,,,,,,,,,97.16512,97.75069,,97.93884,97.63061,97.67927,97.7489,97.78375,97.89454,98.07913,98.09372,98.14326,98.25051,,98.4365,
Estonia,EST,"Literacy rate, adult total (% of people ages 15 and above)",SE.ADT.LITR.ZS,,,,,,,,,,,,,,,,,,,,99.72644043,,,,,,,,,,,99.7672,,,,,,,,,,,99.88579,,,,,,,,
Ethiopia,ETH,"Literacy rate, adult total (% of people ages 15 and above)",SE.ADT.LITR.ZS,,,,,,,,,,,,,,,,,,,,,,,,,27.01136017,,,,,,,,,,35.9,29.82034,,38.99598,,,,,,,,,,51.77118,,
European Union,EUU,"Literacy rate, adult total (% of people ages 15 and above)",SE.ADT.LITR.ZS,,,,,,,,,,,,,,,,,,,,,,,,,,,,,,,,,,,,,,,,,,,,,,,,,,
Fragile and conflict affected situations,FCS,"Literacy rate, adult total (% of people ages 15 and above)",SE.ADT.LITR.ZS,,,,,,,,,,,,,,,,,55.12725067,55.7233696,56.22288132,56.47195053,56.93336868,57.12297821,57.30622101,57.54092026,58.45648956,58.9664917,59.50374985,60.36545181,61.23717117,61.79219055,62.63916016,63.49874115,64.28410339,64.44210052,64.87567902,65.08939362,63.21735001,63.49914932,63.09912872,61.12036896,61.55183,61.16862,61.36252,61.16073,61.86611,62.22513,62.50688,63.33,63.75516,
Finland,FIN,"Literacy rate, adult total (% of people ages 15 and above)",SE.ADT.LITR.ZS,,,,,,,,,,,,,,,,,,,,,,,,,,,,,,,,,,,,,,,,,,,,,,,,,,
Fiji,FJI,"Literacy rate, adult total (% of people ages 15 and above)",SE.ADT.LITR.ZS,,,,,,,,,,,,,,,,,,,,,,,,,,,92.94288635,,,,,,,,,,,,,,,,,,,,,99.08211,,
France,FRA,"Literacy rate, adult total (% of people ages 15 and above)",SE.ADT.LITR.ZS,,,,,,,,,,,,,,,,,,,,,,,,,,,,,,,,,,,,,,,,,,,,,,,,,,
Faroe Islands,FRO,"Literacy rate, adult total (% of people ages 15 and above)",SE.ADT.LITR.ZS,,,,,,,,,,,,,,,,,,,,,,,,,,,,,,,,,,,,,,,,,,,,,,,,,,
"Micronesia, Fed. Sts.",FSM,"Literacy rate, adult total (% of people ages 15 and above)",SE.ADT.LITR.ZS,,,,,,,,,,,,,,,,,,,,,,,,,,,,,,,,,,,,,,,,,,,,,,,,,,
Gabon,GAB,"Literacy rate, adult total (% of people ages 15 and above)",SE.ADT.LITR.ZS,,,,,,,,,,,,,,,,,,,,,,,,72.2336731,,,,,,,,,,,,,,,,,,,82.2838,,,,,,84.66716,
United Kingdom,GBR,"Literacy rate, adult total (% of people ages 15 and above)",SE.ADT.LITR.ZS,,,,,,,,,,,,,,,,,,,,,,,,,,,,,,,,,,,,,,,,,,,,,,,,,,
Georgia,GEO,"Literacy rate, adult total (% of people ages 15 and above)",SE.ADT.LITR.ZS,,,,,,,,,,,,,,,,,,,,,,,,,,,,,,,,,99.65235,,,,,,,,,,,,99.58619,,,99.36426,,
Ghana,GHA,"Literacy rate, adult total (% of people ages 15 and above)",SE.ADT.LITR.ZS,,,,,,,,,,,,,,,,,,,,,,,,,,,,,,,57.89747,,,,,,,,,,71.49707,,,,,,,,79.03964,
Gibraltar,GIB,"Literacy rate, adult total (% of people ages 15 and above)",SE.ADT.LITR.ZS,,,,,,,,,,,,,,,,,,,,,,,,,,,,,,,,,,,,,,,,,,,,,,,,,,
Guinea,GIN,"Literacy rate, adult total (% of people ages 15 and above)",SE.ADT.LITR.ZS,,,,,,,,,,,,,,,,,,,,,,,,,,,20.55374908,,,,,,,29.70402,,,,,,,25.30774,,,,32.00384,,,,,
"Gambia, The",GMB,"Literacy rate, adult total (% of people ages 15 and above)",SE.ADT.LITR.ZS,,,,,,,,,,,,,,,,,,,,,,,,,,,,,,,36.81773,,,,,,,,,,,,,41.95005,,50.77797,,,,
Guinea-Bissau,GNB,"Literacy rate, adult total (% of people ages 15 and above)",SE.ADT.LITR.ZS,,,,,,,,,,19.95825005,,,,,,,,,,,,,,,,,,,,,41.35777,,,,,,,,,,,,,,45.58116,,,,,
Equatorial Guinea,GNQ,"Literacy rate, adult total (% of people ages 15 and above)",SE.ADT.LITR.ZS,,,,,,,,,,,,,,,,,,,,,,,,,,,,,,,88.3083,,,,,,,,,,94.37054,,,,95,,,,,
Greece,GRC,"Literacy rate, adult total (% of people ages 15 and above)",SE.ADT.LITR.ZS,,,,,,,,,,,,90.51232147,,,,,,,,,,92.61045074,,,,,,,,,,95.99436,,,,93.04431,,93.93155,,93.90511,,97.36874,,,,,,,,
Grenada,GRD,"Literacy rate, adult total (% of people ages 15 and above)",SE.ADT.LITR.ZS,97.79447174,,,,,,,,,,,,,,98.59999847,,,,,,,,,,98.59999847,,,,,,,,,,98.6,,,,,,,,,,98.6,,,,,
Greenland,GRL,"Literacy rate, adult total (% of people ages 15 and above)",SE.ADT.LITR.ZS,,,,,,,,,,,,,,,,,,,,,,,,,,,,,,,,,,,,,,,,,,,,,,,,,,
Guatemala,GTM,"Literacy rate, adult total (% of people ages 15 and above)",SE.ADT.LITR.ZS,,,,,,,,,,,,,,,,,,,,,,,,,64.2116394,,,,,,,,69.10173,,,,,,,,,,78.26486,77.03867,81.2859,,,,,
Guam,GUM,"Literacy rate, adult total (% of people ages 15 and above)",SE.ADT.LITR.ZS,,,,,,,,,,,96.42064667,,,,,,,,,,99.36914825,,,,,,,,,,,,,,,,,,,,,,,,,,,,,
Guyana,GUY,"Literacy rate, adult total (% of people ages 15 and above)",SE.ADT.LITR.ZS,,,,,,,,,,,,,,,,,,,,,,,,,,,,,,,,,,,,,,,,84.99401,,,,,85.63973,,,,,
High income,HIC,"Literacy rate, adult total (% of people ages 15 and above)",SE.ADT.LITR.ZS,,,,,,,,,,,,,,,,,,,,,,,,,,,,,,,,,,,,,,,,,,,,,,,,,,
"Hong Kong SAR, China",HKG,"Literacy rate, adult total (% of people ages 15 and above)",SE.ADT.LITR.ZS,,,,,,,,,,,,,,,,,,,,,,,,,,,,,,,,,,,,,,,,,,,,,,,,,,
Honduras,HND,"Literacy rate, adult total (% of people ages 15 and above)",SE.ADT.LITR.ZS,,,,,,,,,,,,,,,,,,,,,,,,,,,,,,,,80.01103,,,,,,83.58899,,,84.75536,85.1233,85.35555,85.46442,87.19753,87.90683,88.98748,,87.20524,
Heavily indebted poor countries (HIPC),HPC,"Literacy rate, adult total (% of people ages 15 and above)",SE.ADT.LITR.ZS,,,,,,,,,,,,,,,,,44.05308914,44.61978912,44.95066071,45.55664825,46.10427856,46.34482956,46.62602997,46.98823929,47.58089066,47.55519867,48.0552597,48.8920784,49.59175873,50.3950882,51.11949921,52.00061035,52.46754837,53.30905151,55.1548996,54.3778801,53.23855972,54.59339142,54.11573029,54.78145981,55.25037,57.37312,58.83455,59.04499,59.90768,60.39487,61.19566,62.12908,62.6266,
Croatia,HRV,"Literacy rate, adult total (% of people ages 15 and above)",SE.ADT.LITR.ZS,,,,,,,,,,,,,,,,,,,,,,96.70155334,,,,,,,,,,98.14668,,,,,,,,,,99.12536,,,,,,,,
Haiti,HTI,"Literacy rate, adult total (% of people ages 15 and above)",SE.ADT.LITR.ZS,,,,,,,,,,,,,34.73469162,,,,,,,,,,,,,,,,,,,,,58.7439,,,48.68502,,,,,,,,,,61.69135,,,
Hungary,HUN,"Literacy rate, adult total (% of people ages 15 and above)",SE.ADT.LITR.ZS,,,,,,,,,,,98.85829163,,,,,,,,,,,,,,,,,,,,,,,,,,,,,,,,,,99.1,,,,,
IBRD only,IBD,"Literacy rate, adult total (% of people ages 15 and above)",SE.ADT.LITR.ZS,,,,,,61.82381058,61.99391174,62.3421402,63.15571976,63.96286011,64.47821808,65.38546753,66.22316742,67.11998749,67.98512268,68.76293182,69.49056244,70.35495758,72.72099304,73.36379242,73.69135284,74.46859741,75.0615387,75.55523682,76.04139709,76.55654907,77.09178925,80.03015137,81.6051178,81.98214722,82.47142792,82.71736145,83.14940643,83.81764221,84.30979919,84.40899658,84.40248108,85.47662354,85.83152771,86.23973846,86.82038,87.17826,87.51869,87.73278,88.12764,88.43664,88.5859,88.8029,89.05044,
IDA & IBRD total,IBT,"Literacy rate, adult total (% of people ages 15 and above)",SE.ADT.LITR.ZS,,,,,,58.77996063,58.93246078,59.26702881,59.98915863,60.70854187,61.18629074,61.97566986,62.73416901,63.53647995,64.32013702,65.03215027,65.69703674,66.50502777,68.61128998,69.24124146,69.61347198,70.29566193,70.90306854,71.42204285,71.92733002,72.41317749,72.94277191,75.46573639,76.95461273,77.36090088,77.62660217,77.93464661,78.38664246,79.03125763,79.64650726,79.63095093,79.57724762,80.31774139,80.76908112,81.17484283,81.67029,81.93721,82.35303,82.56062,82.97848,83.34816,83.71072,83.98566,84.19382,
IDA total,IDA,"Literacy rate, adult total (% of people ages 15 and above)",SE.ADT.LITR.ZS,,,,,,,,,,,,44.85261154,45.21340179,45.5410881,45.9156189,46.29721832,46.64706039,47.17176056,47.97351837,48.53894043,49.13544083,49.53293991,50.40177917,51.23949051,52.04851151,52.62282944,53.27151871,54.03757095,55.36162949,56.12842941,55.5755806,56.36352158,57.07751083,57.78038025,59.11864853,58.80804825,58.75864029,58.31108093,59.43962097,60.10617065,60.52087,60.68527,61.67557,62.12955,62.91562,63.80264,65.25168,66.01621,66.35453,
IDA blend,IDB,"Literacy rate, adult total (% of people ages 15 and above)",SE.ADT.LITR.ZS,,,,,,,,,,,48.53673172,48.6450882,49.09452057,49.41878891,49.73450089,50.05503082,50.37520981,51.02965927,51.69567108,52.2278595,52.90594101,53.75659943,55.33506012,56.98725891,57.74591064,58.49119186,59.33003998,60.09954834,61.05289078,61.65975189,58.67018127,59.58351898,60.24882889,60.8504715,62.04367065,61.44799042,62.32202148,61.57181931,61.69100189,62.594841,63.029,63.09089,64.44268,64.31306,65.15158,65.56207,66.23999,67.07135,67.0462,
Indonesia,IDN,"Literacy rate, adult total (% of people ages 15 and above)",SE.ADT.LITR.ZS,,,,,,,,,,,67.31266785,,,,,,,,,,81.51985168,,,,,,,,,,,,,,90.38479,,91.98227,,92.1923,92.5817,,92.81191,,,95.11622,95.21793,95.37697,,95.65856,
IDA only,IDX,"Literacy rate, adult total (% of people ages 15 and above)",SE.ADT.LITR.ZS,,,,,,,,,,,,,43.19889832,43.52835083,43.93341827,44.34672165,44.71194839,45.16931152,46.04153061,46.62419891,47.17834854,47.34547043,47.85264969,48.27605057,49.11684036,49.60810089,50.15782166,50.92010117,52.43257141,53.27944183,53.98054123,54.70386887,55.4430809,56.19812012,57.61091995,57.4468689,56.92008972,56.62741089,58.27619934,58.81906891,59.22267,59.44031,60.24365,60.99984,61.75931,62.8935,64.74183,65.47285,65.99904,
Isle of Man,IMN,"Literacy rate, adult total (% of people ages 15 and above)",SE.ADT.LITR.ZS,,,,,,,,,,,,,,,,,,,,,,,,,,,,,,,,,,,,,,,,,,,,,,,,,,
India,IND,"Literacy rate, adult total (% of people ages 15 and above)",SE.ADT.LITR.ZS,,,,,,,,,,,,40.76359177,,,,,,,,,,48.22206879,,,,,,,,,,61.01456,,,,,62.75447,,,,,69.30256,,,,,,,74.37299,
Not classified,INX,"Literacy rate, adult total (% of people ages 15 and above)",SE.ADT.LITR.ZS,,,,,,,,,,,,,,,,,,,,,,,,,,,,,,,,,,,,,,,,,,,,,,,,,,
Ireland,IRL,"Literacy rate, adult total (% of people ages 15 and above)",SE.ADT.LITR.ZS,,,,,,,,,,,,,,,,,,,,,,,,,,,,,,,,,,,,,,,,,,,,,,,,,,
"Iran, Islamic Rep.",IRN,"Literacy rate, adult total (% of people ages 15 and above)",SE.ADT.LITR.ZS,,,,,,,36.51839828,,,,,,,,,,52.31975937,,,,,65.53140259,,,,,73.06024933,,,,,,77,,,82.4412,82.33132,,82.9623,,,,83.62599,84.6268,84.70524,,85.54425,,,
Iraq,IRQ,"Literacy rate, adult total (% of people ages 15 and above)",SE.ADT.LITR.ZS,,,,,,,,,,,,,,,,,,,,,,,,,,,,,,,74.0522,,,,,,,,,,,,,43.68328,,,,,50.14052,
Iceland,ISL,"Literacy rate, adult total (% of people ages 15 and above)",SE.ADT.LITR.ZS,,,,,,,,,,,,,,,,,,,,,,,,,,,,,,,,,,,,,,,,,,,,,,,,,,
Israel,ISR,"Literacy rate, adult total (% of people ages 15 and above)",SE.ADT.LITR.ZS,,,,,,,,,,,,,,91.75141144,,,,,,,,,,,,,,,,,,,,,,,,,,,,,,,,,,,,
Italy,ITA,"Literacy rate, adult total (% of people ages 15 and above)",SE.ADT.LITR.ZS,,,,,,,,,,,,96.46054077,,,,,,,,,,,,,,,,,,,,98.41662,,,,,,,,,,98.84828,,,,,,,99.15576,
Jamaica,JAM,"Literacy rate, adult total (% of people ages 15 and above)",SE.ADT.LITR.ZS,,,,,,,,,,,,,,,,,,,,,,,,,,,,,,79.92012024,,,,,,,,,,,,,,,88.1,,,,,
Jordan,JOR,"Literacy rate, adult total (% of people ages 15 and above)",SE.ADT.LITR.ZS,,,,,,,,,,66.79680634,,,,,,,,,,,,,,,,,,,,,,,,89.89232,,91.13075,,92.19958,,,92.55104,95.90445,97.89032,,,,,,98.22711,
Japan,JPN,"Literacy rate, adult total (% of people ages 15 and above)",SE.ADT.LITR.ZS,,,,,,,,,,,,,,,,,,,,,,,,,,,,,,,,,,,,,,,,,,,,,,,,,,
Kazakhstan,KAZ,"Literacy rate, adult total (% of people ages 15 and above)",SE.ADT.LITR.ZS,,,,,,,,,,,,,,,,,,,,97.5293808,,,,,,,,,,99.51265717,,,,,,,,,,99.73241,99.78163,,,,,,,,,
Kenya,KEN,"Literacy rate, adult total (% of people ages 15 and above)",SE.ADT.LITR.ZS,,,,,,,,,,,,,,,,,,,,,,,,,,,,,,,82.22908,,,,,,,72.15703,,,,,,,78.73304,,,,81.53497,
Kyrgyz Republic,KGZ,"Literacy rate, adult total (% of people ages 15 and above)",SE.ADT.LITR.ZS,,,,,,,,,,,,,,,,,,,,,,,,,,,,,,98.70160675,,,,,,,,,,99.24343,,,,,,,,,99.586,
Cambodia,KHM,"Literacy rate, adult total (% of people ages 15 and above)",SE.ADT.LITR.ZS,,,,,,,,,,,,,,,,,,,,,,,,,,,,,67.3350296,,,,,,73.60995,,,,77.58654,73.90003,,,,,78.05509,80.52649,,,,
Kiribati,KIR,"Literacy rate, adult total (% of people ages 15 and above)",SE.ADT.LITR.ZS,,,,,,,,,,,,,,,,,,,,,,,,,,,,,,,,,,,,,,,,,,,,,,,,,,
St. Kitts and Nevis,KNA,"Literacy rate, adult total (% of people ages 15 and above)",SE.ADT.LITR.ZS,,,,,,,,,,,,,,,,,,,,,,,,,,,,,,,,,,,,,,,,,,,,,,,,,,
"Korea, Rep.",KOR,"Literacy rate, adult total (% of people ages 15 and above)",SE.ADT.LITR.ZS,,,,,,,,,,,,,,,,,,,,,,,,,,,,,,,,,,,,,,,,,,,,,,,,,,
Kuwait,KWT,"Literacy rate, adult total (% of people ages 15 and above)",SE.ADT.LITR.ZS,,,,,,59.56438828,,,,,67.51766205,,,,,74.49086761,,,,,,,,,,78.39550018,,,,,,,,,,93.27446,93.28212,93.66419,93.8983,,94.46901,,95.51317,95.58582,,95.68545,,96.03595,96.05647,
Latin America & Caribbean (excluding high income),LAC,"Literacy rate, adult total (% of people ages 15 and above)",SE.ADT.LITR.ZS,,,,,76.4107666,76.4305191,76.8260498,77.29167938,77.77864838,78.21791077,78.6306076,79.04644775,79.46244049,79.89407349,80.30254364,80.69790649,81.07952881,81.40415192,81.87812042,82.33364105,82.71324921,83.36273956,84.07553101,84.79889679,85.44261169,86.13089752,86.50424194,86.82592773,87.34596252,87.6872406,87.96173096,88.06271362,88.18894958,89.06987762,89.03977203,89.57859039,89.48059082,90.1363678,90.43141937,90.76129913,90.77361,91.43807,91.68341,91.76209,92.2644,92.45387,92.97116,93.12496,93.31166,
Lao PDR,LAO,"Literacy rate, adult total (% of people ages 15 and above)",SE.ADT.LITR.ZS,,,,,,,,,,,,,,,,,,,,,,,,,,60.25133133,,,,,69.58312,68.73439,,,,72.70226,,,,,,58.28794,,,,84.66104,,,,
Lebanon,LBN,"Literacy rate, adult total (% of people ages 15 and above)",SE.ADT.LITR.ZS,,,,,,,,,,,,,,,,,,,,,,,,,,,,,,,,,,,,,,89.61244,,91.18419,,,,,,,,,95.06944,
Liberia,LBR,"Literacy rate, adult total (% of people ages 15 and above)",SE.ADT.LITR.ZS,,,,,,,,,,,,,,,32.10676956,,,,,,,,,,,,,,,,,,,,,,,42.94108,,,,,,,,,,48.30136,,
Libya,LBY,"Literacy rate, adult total (% of people ages 15 and above)",SE.ADT.LITR.ZS,,,,,,,,,,,,,,,60.16439056,,,,,,,,,,76.5,,,,,,,,,,86.1,,,,,,,,,,,,,,,
St. Lucia,LCA,"Literacy rate, adult total (% of people ages 15 and above)",SE.ADT.LITR.ZS,,,,,,,,,,,,,,,,,,,,,,,,,,,,,,,,,,,,,,,,,,,,,,,,,,
Latin America & Caribbean,LCN,"Literacy rate, adult total (% of people ages 15 and above)",SE.ADT.LITR.ZS,,,,,78.57080078,78.58927917,78.9471283,79.36488342,79.81111908,80.21520996,80.59134674,80.97885895,81.35733795,81.75575256,82.13156891,82.49556732,82.84732056,83.13587952,83.62648773,84.07037354,84.4156723,84.98673248,85.59983063,86.23313141,86.79705048,87.3991394,87.72866821,88.01811981,88.49388123,88.78929901,89.03215027,89.1272583,89.24292755,90.01100159,89.99260712,90.47019196,90.47413635,91.04754639,91.31507111,91.69281769,91.66744,92.23425,92.4574,92.50325,92.94435,93.12883,93.591,93.70474,93.86706,
Least developed countries: UN classification,LDC,"Literacy rate, adult total (% of people ages 15 and above)",SE.ADT.LITR.ZS,,,,,,,,,,,,41.23183823,41.53606033,41.86174011,42.24937057,42.64260101,42.9827919,43.42271042,44.29367828,44.8922081,45.43988037,45.57678986,46.09062958,46.51237869,47.38945007,48.10218048,48.63626862,49.39862823,50.9615097,51.8449707,52.31230164,52.9751091,53.63602066,54.49568176,55.99261856,55.75614929,55.1086998,54.54721069,56.27473831,57.18098068,57.47995,57.66528,58.57303,59.38629,60.15597,61.41421,63.42245,64.2174,64.81693,
Low income,LIC,"Literacy rate, adult total (% of people ages 15 and above)",SE.ADT.LITR.ZS,,,,,,,,,,,,,,,,45.25688934,45.65118027,46.19847107,46.77569962,47.33084106,47.93783951,48.24253082,48.62147903,48.97018051,49.55834961,49.91783142,50.37390137,51.1588707,51.76654053,52.34968185,52.72489929,53.44913864,53.92974854,54.497509,56.25587082,55.51005936,55.3279686,56.41362,55.71715927,56.82658005,56.9209,58.78024,60.13292,60.17592,60.90361,61.27429,61.93147,62.75316,63.18397,
Liechtenstein,LIE,"Literacy rate, adult total (% of people ages 15 and above)",SE.ADT.LITR.ZS,,,,,,,,,,,,,,,,,,,,,,,,,,,,,,,,,,,,,,,,,,,,,,,,,,
Sri Lanka,LKA,"Literacy rate, adult total (% of people ages 15 and above)",SE.ADT.LITR.ZS,,,,,,,,,,,,86.77792358,,,,,,,,,,,,,,,,,,,,90.68275,,,,,90.80883,,90.55795,,91.18136,,,,,,92.3869,91.89575,,
Lower middle income,LMC,"Literacy rate, adult total (% of people ages 15 and above)",SE.ADT.LITR.ZS,,,,,,49.4342804,49.6126709,50.15552139,50.71332169,51.29830933,51.21968079,51.9846611,52.8862915,53.38151932,53.94602966,54.51049042,55.05397034,55.96263123,56.59386826,57.27375031,57.8882103,58.37324142,59.3042717,60.03184891,60.73617172,61.39855957,62.12160873,62.74988937,65.89875793,66.52758789,66.69432068,67.17926788,68.00910187,68.85848999,69.55857086,69.39663696,69.21127319,69.83592987,70.91819763,71.53401947,72.75541,72.84508,73.54289,74.13088,74.84184,75.59041,76.25343,76.85608,77.24338,
Low & middle income,LMY,"Literacy rate, adult total (% of people ages 15 and above)",SE.ADT.LITR.ZS,,,,,,58.22198105,58.37461853,58.71234894,59.4429512,60.17087936,60.65351105,61.45259857,62.22132111,63.03390121,63.82780075,64.54894257,65.22229767,66.04264069,68.18000793,68.81507874,69.19165802,69.88775635,70.50855255,71.03795624,71.55310059,72.04827881,72.58843994,75.15036774,76.66101074,77.07523346,77.34671783,77.6604538,78.12187958,78.77841187,79.40396118,79.38974762,79.32791138,80.08049011,80.53759003,80.94197083,81.44956,81.72388,82.14667,82.36124,82.78633,83.1604,83.52819,83.81031,84.02266,
Lesotho,LSO,"Literacy rate, adult total (% of people ages 15 and above)",SE.ADT.LITR.ZS,,,,,,,,,,,,,,,,,,,,,,,,,,,,,,,86.25443,,,,,,,,,75.8002,,,,,76.6352,,,,,
Late-demographic dividend,LTE,"Literacy rate, adult total (% of people ages 15 and above)",SE.ADT.LITR.ZS,,,,,,,69.01711273,69.12107086,70.04414368,70.99262238,71.89743805,72.81271362,73.51553345,74.60305786,75.47052002,76.30850983,77.08598328,77.85742188,81.52794647,82.11582947,82.02200317,83.11192322,83.55748749,83.99336243,84.40254974,84.82749176,85.27111053,90.13375854,90.48052216,90.78952026,91.18588257,91.40296936,91.72358704,92.11988831,92.54826355,92.87303925,93.09925079,94.08960724,94.31301117,94.59371185,94.61558,95.13004,95.30169,95.36598,95.53109,95.67817,95.86127,96.00959,96.1515,
Lithuania,LTU,"Literacy rate, adult total (% of people ages 15 and above)",SE.ADT.LITR.ZS,,,,,,,,,,,,,,,,,,,,98.44126892,,,,,,,,,,,,99.64575,,,,,,,,,,99.8156,,,,,,,,
Luxembourg,LUX,"Literacy rate, adult total (% of people ages 15 and above)",SE.ADT.LITR.ZS,,,,,,,,,,,,,,,,,,,,,,,,,,,,,,,,,,,,,,,,,,,,,,,,,,
Latvia,LVA,"Literacy rate, adult total (% of people ages 15 and above)",SE.ADT.LITR.ZS,,,,,,,,,,,,,,,,,,,,99.45230103,,,,,,,,,,,99.74657,,,,,,,,,,,99.8959,,,,,,,,
"Macao SAR, China",MAC,"Literacy rate, adult total (% of people ages 15 and above)",SE.ADT.LITR.ZS,,,,,,,,,,,,90.37818146,,,,,,,,,,,,,,,,,,,,91.29537,,,,,93.49975,,,,,95.64004,,,,,96.53849,,,
St. Martin (French part),MAF,"Literacy rate, adult total (% of people ages 15 and above)",SE.ADT.LITR.ZS,,,,,,,,,,,,,,,,,,,,,,,,,,,,,,,,,,,,,,,,,,,,,,,,,,
Morocco,MAR,"Literacy rate, adult total (% of people ages 15 and above)",SE.ADT.LITR.ZS,,,,,,,,,,,,,30.25779915,,,,,,,,,,,,41.59410858,,,,,,,,,,52.30626,,,,55.14792,56.08367,,67.08416,69.42539,,,,,,73.75001,
Monaco,MCO,"Literacy rate, adult total (% of people ages 15 and above)",SE.ADT.LITR.ZS,,,,,,,,,,,,,,,,,,,,,,,,,,,,,,,,,,,,,,,,,,,,,,,,,,
Moldova,MDA,"Literacy rate, adult total (% of people ages 15 and above)",SE.ADT.LITR.ZS,,,,,,,,,,,,,,,,,,,,96.37754822,,,,,,,,,,,96.6538,,,,,,,,,,,,99.13831,,99.35989,,,,,
Madagascar,MDG,"Literacy rate, adult total (% of people ages 15 and above)",SE.ADT.LITR.ZS,,,,,,,,,,,,,,,,,,,,,,,,,,,,,,,70.68617,,,,,,,,,64.48091,,,71.57262,,,,,,74.80432,
Maldives,MDV,"Literacy rate, adult total (% of people ages 15 and above)",SE.ADT.LITR.ZS,,,,,,,,82.29995728,,,,,,,,92.23004913,,,,,96.01825714,,,,,96.32649994,,,,,,,,,,,98.3979,,,,,,,,98.61012,,97.73495,,,
Middle East & North Africa,MEA,"Literacy rate, adult total (% of people ages 15 and above)",SE.ADT.LITR.ZS,,,,,43.72486877,44.21202087,44.7015419,45.30434036,45.97380829,46.67699051,47.43193817,48.15644073,48.94219971,49.68362045,50.62314987,51.58504868,52.6414299,53.40174103,54.50576019,55.53435135,57.93727875,59.19171143,60.19424057,61.06282043,62.03456879,63.54455948,64.88459015,65.82176971,67.0242691,68.0923996,69.10521698,70.23461151,70.6836319,73.94257355,74.85720825,75.31095886,74.57663727,75.09182739,75.75370026,75.67649841,76.49272,77.26692,77.88424,78.21723,78.74318,79.4081,77.93316,78.83495,78.96279,
Mexico,MEX,"Literacy rate, adult total (% of people ages 15 and above)",SE.ADT.LITR.ZS,,,,,,,,,,,82.98924255,,,,,,,,,,87.55615234,,,,,,,,,,90.53562,,90.27465,,90.95374,91.63027,91.73452,92.79517,92.9256,93.44188,93.06894,93.51998,94.2284,93.96285,94.55588,94.47228,94.85962,94.97278,95.37991,
Marshall Islands,MHL,"Literacy rate, adult total (% of people ages 15 and above)",SE.ADT.LITR.ZS,,,,,,,,,,,,,,,,,,,,,,,,,,,,,,,,,,,,,,,,,,98.26508,,,,,,,,
Middle income,MIC,"Literacy rate, adult total (% of people ages 15 and above)",SE.ADT.LITR.ZS,,,,,,59.42646027,59.58034897,59.92596054,60.69229126,61.45643997,61.95087051,62.78771973,63.59046936,64.43723297,65.25650787,65.99691772,66.69123077,67.53205872,69.78652954,70.42759705,70.78688049,71.52575684,72.17897797,72.73722076,73.26312256,73.78668976,74.34131622,77.05613708,78.65403748,79.07006073,79.34767151,79.6439209,80.11904907,80.79873657,81.3476181,81.41654968,81.38768768,82.13751984,82.7245636,83.09661102,83.67154,83.82949,84.19361,84.45217,84.87823,85.28447,85.65752,85.92127,86.14847,
North Macedonia,MKD,"Literacy rate, adult total (% of people ages 15 and above)",SE.ADT.LITR.ZS,,,,,,,,,,,,,,,,,,,,,,,,,94.05874634,,,,,,,,96.12893,,,,,,,,,,,,97.8,,,,,
Mali,MLI,"Literacy rate, adult total (% of people ages 15 and above)",SE.ADT.LITR.ZS,,,,,,,9.433810234,,,,,,,,,,,,,,,,,,,,,,19.04496956,,,,,24,,,26.17655,,,,31.09975,33.56094,,,,33.06889,,,35.47377,
Malta,MLT,"Literacy rate, adult total (% of people ages 15 and above)",SE.ADT.LITR.ZS,,,,,,,,,,,,,,,,86.92984009,,,,,,,,,,87.86869812,,,,,,,,,,92.36309,,,,,,93.30736,,,,,,,94.50319,
Myanmar,MMR,"Literacy rate, adult total (% of people ages 15 and above)",SE.ADT.LITR.ZS,,,,,,,,,,,,,,78.57041168,,,,,,,,,,,,,,,,,89.94176,,,,,,,,,,,,,,,,75.5512,,,
Middle East & North Africa (excluding high income),MNA,"Literacy rate, adult total (% of people ages 15 and above)",SE.ADT.LITR.ZS,,,39.38610077,39.86267853,40.3508606,40.88713837,41.41075897,42.06404114,42.79674911,43.55038834,44.38497925,45.18608093,45.96107101,46.7800293,47.79766846,48.86468124,50.03551102,50.8702507,51.98886871,53.0293808,55.63357162,56.94411087,58.01356888,58.93798828,59.95621872,61.58005142,62.98683167,63.93748856,65.12837982,66.22840881,67.2686615,68.42131805,68.73657227,72.39302063,73.29144287,73.70323181,72.69731903,73.11540222,73.6934967,73.44956207,74.27413,74.50895,75.141,75.40792,75.96811,76.62246,74.84724,75.85256,75.9596,
Montenegro,MNE,"Literacy rate, adult total (% of people ages 15 and above)",SE.ADT.LITR.ZS,,,,,,,,,,,,89.63529968,,,,,,,,,,93.46273804,,,,,,,,,,,,97.77346,,,,,,,,98.44221,,,,,,,98.84718,
Mongolia,MNG,"Literacy rate, adult total (% of people ages 15 and above)",SE.ADT.LITR.ZS,,,,,,,,,,,,,,,,,,,,,,,,,,,,,,,97.76885,,,,,,,,,,98.257,,,,,,,,98.42312,
Northern Mariana Islands,MNP,"Literacy rate, adult total (% of people ages 15 and above)",SE.ADT.LITR.ZS,,,,,,,,,,,,,,,,,,,,,,,,,,,,,,,,,,,,,,,,,,,,,,,,,,
Mozambique,MOZ,"Literacy rate, adult total (% of people ages 15 and above)",SE.ADT.LITR.ZS,,,,,,,,,,,26.99770927,,,,,,,,,,,,,,,,,38.70787811,,,,,,48.15884,,,,,,50.58381,,,,,,56.039,,60.65543,,
Mauritania,MRT,"Literacy rate, adult total (% of people ages 15 and above)",SE.ADT.LITR.ZS,,,,,,,,,,,,,,,,,,,,,,,,,,,,,,,51.20768,,,,,,,45.50378,,,,,,,,,,53.49759,,
Mauritius,MUS,"Literacy rate, adult total (% of people ages 15 and above)",SE.ADT.LITR.ZS,,,,,,,,,,,,,,,,,,,,,79.86865997,,,,,,,,,,84.30309,,,,,,,,,,,89.24984,91.76601,91.49003,92.47476,92.7076,93.15784,,91.32539,
Malawi,MWI,"Literacy rate, adult total (% of people ages 15 and above)",SE.ADT.LITR.ZS,,,,,,,,,,,,,,,,,,48.53665161,,,,,,,,,,,64.13424683,,,,,,,,,,,,61.30972,,,,65.14537,62.14354,,,,
Malaysia,MYS,"Literacy rate, adult total (% of people ages 15 and above)",SE.ADT.LITR.ZS,,,,,,,,,,,69.5163269,,,,,,,,,,,82.91536713,,,,,,,,,88.68776,,,,,,,,,,93.11789,,,,,,93.7347,,,
North America,NAC,"Literacy rate, adult total (% of people ages 15 and above)",SE.ADT.LITR.ZS,,,,,,,,,,,,,,,,,,,,,,,,,,,,,,,,,,,,,,,,,,,,,,,,,,
Namibia,NAM,"Literacy rate, adult total (% of people ages 15 and above)",SE.ADT.LITR.ZS,,,,,,,,,,,,,,,,,,,,,,,,,,,,,,,,,,,,,,,,,,,,,,,,,,
New Caledonia,NCL,"Literacy rate, adult total (% of people ages 15 and above)",SE.ADT.LITR.ZS,,,,,,,91.30036926,,,,,,,,,,,,,93.08062744,,,,,,,96.13791656,,,,,,,,,,,,,,,,,,97.8,,,,,
Niger,NER,"Literacy rate, adult total (% of people ages 15 and above)",SE.ADT.LITR.ZS,,,,,,,,,,,,,,,,,,,,,,,,,,,,,,,,14.37604,,,,28.67242,,,,,,,30.56039,,,,,,,
Nigeria,NGA,"Literacy rate, adult total (% of people ages 15 and above)",SE.ADT.LITR.ZS,,,,,,,,,,,,,,,,,,,,,,55.44675064,,,,,,,,,,,,54.77318,,,,,51.07766,,,,,,,,,,62.01601,
Nicaragua,NIC,"Literacy rate, adult total (% of people ages 15 and above)",SE.ADT.LITR.ZS,,,,,,,,,,,,,,,,,,,,,,,,,,,,,,,,76.67713,,,,78.00298,,,,,,,,,,82.61455,,,,
Netherlands,NLD,"Literacy rate, adult total (% of people ages 15 and above)",SE.ADT.LITR.ZS,,,,,,,,,,,,,,,,,,,,,,,,,,,,,,,,,,,,,,,,,,,,,,,,,,
Norway,NOR,"Literacy rate, adult total (% of people ages 15 and above)",SE.ADT.LITR.ZS,,,,,,,,,,,,,,,,,,,,,,,,,,,,,,,,,,,,,,,,,,,,,,,,,,
Nepal,NPL,"Literacy rate, adult total (% of people ages 15 and above)",SE.ADT.LITR.ZS,,,,,,,,,,,,20.57366943,,,,,,,,,,32.97558975,,,,,,,,,,48.60897,,,,,,,,,,59.62725,,,,,,,67.90843,
Nauru,NRU,"Literacy rate, adult total (% of people ages 15 and above)",SE.ADT.LITR.ZS,,,,,,,,,,,,,,,,,,,,,,,,,,,,,,,,,,,,,,,,,,,,,,,,,,
New Zealand,NZL,"Literacy rate, adult total (% of people ages 15 and above)",SE.ADT.LITR.ZS,,,,,,,,,,,,,,,,,,,,,,,,,,,,,,,,,,,,,,,,,,,,,,,,,,
OECD members,OED,"Literacy rate, adult total (% of people ages 15 and above)",SE.ADT.LITR.ZS,,,,,,,,,,,,,,,,,,,,,,,,,,,,,,,,,,,,,,,,,,,,,,,,,,
Oman,OMN,"Literacy rate, adult total (% of people ages 15 and above)",SE.ADT.LITR.ZS,,,,,,,,,,,,,,,,,,,,,,,,,,,,,,,,,,81.36331,,,,,86.62114,,86.939,,,,91.9812,93.03861,94.89999,95.576,95.65153,
Other small states,OSS,"Literacy rate, adult total (% of people ages 15 and above)",SE.ADT.LITR.ZS,,,,,,,,,,,,,,70.68493652,71.00148773,71.31638336,71.70123291,72.25782776,72.93192291,73.59233093,74.0809021,74.5175705,74.98156738,75.5652771,75.76490784,76.17324066,76.79704285,77.35665131,78.16401672,78.70902252,78.78282166,79.4836731,80.31768036,81.02063751,81.44180298,81.97775269,81.54061127,80.74594116,81.78520203,81.23047638,81.66278,82.18117,82.41896,82.64476,83.08374,84.41474,83.93278,84.17819,84.52881,
Pakistan,PAK,"Literacy rate, adult total (% of people ages 15 and above)",SE.ADT.LITR.ZS,,,,,,,,,,,,25.72518921,,,,,,,,,,,,,,,,,42.6993103,,,,,,,49.87364,54.15121,,55.52637,54.89264,55.37519,54.73802,56.76434,55.59499,56.97715,,,59.13205,,
Panama,PAN,"Literacy rate, adult total (% of people ages 15 and above)",SE.ADT.LITR.ZS,,,,,,,,,,,88.0717392,,,,,,,,,,88.77986145,,,,,,,,,,91.89962,,,,,,,,,,94.09412,,,,,,,,95.41181,
Peru,PER,"Literacy rate, adult total (% of people ages 15 and above)",SE.ADT.LITR.ZS,,,,,,,,,,,,81.91845703,,,,,,,,,,,,87.15062714,,,,,,,,,,,87.66985,87.90867,88.69934,89.59081,,,,,93.84173,,93.70795,94.16234,94.17367,94.14961,94.40827,
Philippines,PHL,"Literacy rate, adult total (% of people ages 15 and above)",SE.ADT.LITR.ZS,,,,,,,,,,,83.31723022,,,,,,,,,,93.57389832,,,,93.91596985,,,,,,92.60006,,,92.59069,,,,,95.4201,,,,,96.398,,98.18255,,,,
Palau,PLW,"Literacy rate, adult total (% of people ages 15 and above)",SE.ADT.LITR.ZS,,,,,,,,,,,91.92141724,,,,,,,,,,,,,,,,,,,,,,,,,,,,,,,,,99.50313,,96.59374,,,,
Papua New Guinea,PNG,"Literacy rate, adult total (% of people ages 15 and above)",SE.ADT.LITR.ZS,,,,,,,,,,,,,,,,,,,,,,,,,,,,,,,57.34326,,,,,,,,,,61.6,,,,,,,,,
Poland,POL,"Literacy rate, adult total (% of people ages 15 and above)",SE.ADT.LITR.ZS,,,,,,,,,98.74273682,,,,,,,,,,98.74273682,,,,,,,,,,98.74273682,,,,,,,,,,98.74274,,,,,,,,,,,
Pre-demographic dividend,PRE,"Literacy rate, adult total (% of people ages 15 and above)",SE.ADT.LITR.ZS,,,,,,,,,,,,,,,,,49.21768188,49.8945694,50.39635849,51.09593964,51.68204117,52.18637085,52.51066971,53.06890106,53.64817047,54.01322174,54.70978928,55.67697144,56.36751175,57.28266144,55.59630966,56.6256485,57.21588135,57.63010025,58.91059875,58.38719177,56.80527878,56.19433975,55.52373123,55.26485825,55.59765,57.39086,58.80656,58.84711,59.71051,60.30702,61.03961,61.92296,62.64361,
Puerto Rico,PRI,"Literacy rate, adult total (% of people ages 15 and above)",SE.ADT.LITR.ZS,,,,,,,,,,,86.74606323,,,,,,,,,,89.62249756,,,,,,,,,,,,,,,,,,,,91.96523,,,,,,,92.39,,
"Korea, Dem. People’s Rep.",PRK,"Literacy rate, adult total (% of people ages 15 and above)",SE.ADT.LITR.ZS,,,,,,,,,,,,,,,,,,,,,,,,,,,,,,,,,,,,,,,99.99819,,,,,,,,,,,
Portugal,PRT,"Literacy rate, adult total (% of people ages 15 and above)",SE.ADT.LITR.ZS,,,,,,,,,,,,79.43560791,,,,,,,,,,87.94785309,,,,,,,,,,,,,,,,,,,,94.47705,,,,,,,96.13759,
Paraguay,PRY,"Literacy rate, adult total (% of people ages 15 and above)",SE.ADT.LITR.ZS,,,,,,,,,,,,,78.45861053,,,,,,,,,,90.27182007,,,,,,,,,,,,,,,94.55822,93.29208,93.75424,93.87092,,94.19747,95.05904,95.03481,95.55484,94.65024,,94.0208,
West Bank and Gaza,PSE,"Literacy rate, adult total (% of people ages 15 and above)",SE.ADT.LITR.ZS,,,,,,,,,,,,,,,,,,,,,,,,,,,,86.0628891,,,,,,,92.27997,,93.45001,93.88214,92.53616,94.59917,94.93201,95.26724,95.90622,96.2849,96.42839,96.69073,96.93023,,97.21861,
Pacific island small states,PSS,"Literacy rate, adult total (% of people ages 15 and above)",SE.ADT.LITR.ZS,,,,,,,,,,,,,,,,,,,,,,,,,,88.05579376,88.12049866,88.3259201,88.53090668,88.72763824,88.90367126,89.09323883,,,,,,,,,,,,,,,90.97831,91.01657,,
Post-demographic dividend,PST,"Literacy rate, adult total (% of people ages 15 and above)",SE.ADT.LITR.ZS,,,,,,,,,,,,,,,,,,,,,,,,,,,,,,,,,,,,,,,,,,,,,,,,,,
French Polynesia,PYF,"Literacy rate, adult total (% of people ages 15 and above)",SE.ADT.LITR.ZS,,,,,,,,,,,,,,,,,,,,,,,,,,,,,,,,,,,,,,,,,,,,,,,,,,
Qatar,QAT,"Literacy rate, adult total (% of people ages 15 and above)",SE.ADT.LITR.ZS,,,,,,,,,,,,,,,,,75.63504028,,,,,,,,,,,83.26216125,,,,,,,88.96239,,,93.08274,93.98973,94.72429,,,,90.63299,91.32722,,93.1453,93.46397,,
Romania,ROU,"Literacy rate, adult total (% of people ages 15 and above)",SE.ADT.LITR.ZS,,,,,,,,,,,,,,,,,,,,,,,96.7099762,,,,,,,,,,97.29759,,,,,,,,,98.60429,,,,,,,98.8445,
Russian Federation,RUS,"Literacy rate, adult total (% of people ages 15 and above)",SE.ADT.LITR.ZS,,,,,,,,,,,,,,,,,,,,97.98605347,,,,,,,,,,,,,99.44097,,,,,,,,99.68427,,,,,,,,99.73006,
Rwanda,RWA,"Literacy rate, adult total (% of people ages 15 and above)",SE.ADT.LITR.ZS,,,,,,,,,38.24343109,,,,,,,,,,,,,57.85348892,,,,,,,,,64.8886,,,,,,,,,,65.85227,,68.33103,,70.80413,,,,73.21559,
South Asia,SAS,"Literacy rate, adult total (% of people ages 15 and above)",SE.ADT.LITR.ZS,,,,,,36.16165161,36.16728973,36.82207108,37.47076035,38.1051712,38.72108841,38.72034073,39.95093155,40.60292816,41.25527954,41.9099884,42.56209183,43.21770859,43.96738815,44.73162842,45.47370911,45.8564415,47.14768982,48.12347031,48.8950882,49.6832695,50.48078918,51.28226089,56.16217041,56.91616058,57.68935013,58.13003922,59.21207047,60.10100174,60.87245941,60.64294052,60.81309891,61.97816849,63.63832855,64.33766174,66.01901,66.51724,67.2685,68.01312,68.73481,69.65735,70.99924,71.69524,72.25239,
Saudi Arabia,SAU,"Literacy rate, adult total (% of people ages 15 and above)",SE.ADT.LITR.ZS,,,,,,,,,,,,,,,,,,,,,,,70.82164764,,,,,,,,79.35094,,,,82.85774,,,,,,,,,94.42634,,,,95.32863,,
Sudan,SDN,"Literacy rate, adult total (% of people ages 15 and above)",SE.ADT.LITR.ZS,,,,,,,,,,,,,,,,,,,,,,,,,,,,,,,61.34587,,,,,,,,53.51738,,,,,,,,,,60.69718,
Senegal,SEN,"Literacy rate, adult total (% of people ages 15 and above)",SE.ADT.LITR.ZS,,,,,,,,,,,,,,,,,,,26.86885071,,,,,,,,,,,,,,39.27525,,,,41.89115,,,49.69513,,52.05196,,42.8175,,,,51.90042,,
Singapore,SGP,"Literacy rate, adult total (% of people ages 15 and above)",SE.ADT.LITR.ZS,,,,,,,,,,,82.90605164,,,,,,,,,,89.09600067,,,,,,,,,,92.5494,,,,,,,,,,95.85733,96.18608,96.36979,96.54808,96.71666,96.82549,97.04959,97.20225,97.34486,
Solomon Islands,SLB,"Literacy rate, adult total (% of people ages 15 and above)",SE.ADT.LITR.ZS,,,,,,,,,,,,,,,,,,,,,,,,,,,,,,76.59999847,,,,,,,,,,76.6,,,,,,,,,,
Sierra Leone,SLE,"Literacy rate, adult total (% of people ages 15 and above)",SE.ADT.LITR.ZS,,,,,,,,,,,,,,,,,,,,,,,,,,,,,,,,,,,34.82679,,,,,,,,,32.42617,,,,,43.20633,
El Salvador,SLV,"Literacy rate, adult total (% of people ages 15 and above)",SE.ADT.LITR.ZS,,,,,,,,,,,,,,,,,,,,,,,74.14315796,,,,,,,,,,,,,,83.55946,82.02863,83.9513,84.10289,84.49272,85.49399,,86.76758,,87.96985,88.14177,88.48271,,
San Marino,SMR,"Literacy rate, adult total (% of people ages 15 and above)",SE.ADT.LITR.ZS,,,,,,,,,,,,,,,,,,,,,,,,,,,,,,,,,,,,,,,,,,,,,,,,,99.91643,
Somalia,SOM,"Literacy rate, adult total (% of people ages 15 and above)",SE.ADT.LITR.ZS,,,5.404650211,,,,,,,,,,,,,,,,,,,,,,,,,,,,,,,,,,,,,,,,,,,,,,,
Serbia,SRB,"Literacy rate, adult total (% of people ages 15 and above)",SE.ADT.LITR.ZS,,,,,,,,,,,,,,,,,,,,,,,,,,,,,,,,,,,,,,,,,,97.96241,,,,,98.84151,,98.2892,
Sub-Saharan Africa (excluding high income),SSA,"Literacy rate, adult total (% of people ages 15 and above)",SE.ADT.LITR.ZS,,,,,,,,,,,,,,,,49.95809174,50.25825119,50.8593483,51.31710815,51.88708878,52.52119064,52.9098587,53.37010956,53.94697189,54.6842308,54.97274017,55.65361023,56.52672958,57.18735123,58.01840973,56.65515137,57.65636826,58.16490936,58.62374878,60.50690842,59.5177803,58.35353851,58.4935112,58.07780075,59.24615097,59.55902,61.18954,62.49027,62.81126,63.48269,64.08313,64.78476,65.0482,65.57343,
South Sudan,SSD,"Literacy rate, adult total (% of people ages 15 and above)",SE.ADT.LITR.ZS,,,,,,,,,,,,,,,,,,,,,,,,,,,,,,,,,,,,,,,26.83128,,,,,,,,,,34.52276,
Sub-Saharan Africa,SSF,"Literacy rate, adult total (% of people ages 15 and above)",SE.ADT.LITR.ZS,,,,,,,,,,,,,,,,49.96350098,50.26372147,50.86479187,51.32262039,51.89262009,52.52672958,52.91543961,53.37565994,53.95251846,54.68965912,54.97827911,55.65904999,56.53203964,57.19256973,58.02350998,56.66054153,57.66170883,58.17021179,58.62910843,60.51203156,59.52307892,58.35897827,58.49887848,58.08311844,59.25123978,59.56398,61.19422,62.49471,62.81559,63.48687,64.08716,64.78863,65.05196,65.57706,
Small states,SST,"Literacy rate, adult total (% of people ages 15 and above)",SE.ADT.LITR.ZS,,,,,,,,,,,,,,,,,76.2594986,76.66239929,77.14482117,77.61772156,77.98764801,78.27375793,78.58914185,78.99208069,79.13143921,79.46811676,79.95171356,80.39781189,81.01567841,81.31536865,81.55918884,82.11403656,82.75875092,83.30786133,83.65692902,84.09007263,83.79750061,83.32940674,84.1050415,83.72168732,84.064,84.4677,84.63077,84.79789,85.14295,86.13148,85.77091,85.94953,86.20175,
Sao Tome and Principe,STP,"Literacy rate, adult total (% of people ages 15 and above)",SE.ADT.LITR.ZS,,,,,,,,,,,,57.32426071,,,,,,,,,,73.24241638,,,,,,,,,,84.90851,,,,,,,69.53639,,,,90.1431,,,,,,92.81664,
Suriname,SUR,"Literacy rate, adult total (% of people ages 15 and above)",SE.ADT.LITR.ZS,,,,,,,,,,,,,,,,,,,,,,,,,,,,,,,,,,,89.59806,,,,94.62094,,94.67575,,92.86866,,,,,,94.38327,
Slovak Republic,SVK,"Literacy rate, adult total (% of people ages 15 and above)",SE.ADT.LITR.ZS,,,,,,,,,,,,,,,,,,,,,,,,,,,,,,,,,,,,,,,,,,,,,,,,,,
Slovenia,SVN,"Literacy rate, adult total (% of people ages 15 and above)",SE.ADT.LITR.ZS,,,,,,,,,,,,,,,,,,,,,,99.52452087,,,,,,,,,,,,,99.7,,,,,,,,,,99.7,,,,,
Sweden,SWE,"Literacy rate, adult total (% of people ages 15 and above)",SE.ADT.LITR.ZS,,,,,,,,,,,,,,,,,,,,,,,,,,,,,,,,,,,,,,,,,,,,,,,,,,
Eswatini,SWZ,"Literacy rate, adult total (% of people ages 15 and above)",SE.ADT.LITR.ZS,,,,,,,55.32503891,,,,,,,,,,67.23937988,,,,,,,,,,,,,,81.6607,,,,,,,,,,83.09829,,,,,,,,88.41938,
Sint Maarten (Dutch part),SXM,"Literacy rate, adult total (% of people ages 15 and above)",SE.ADT.LITR.ZS,,,,,,,,,,,,,,,,,,,,,,,,,,,,,,,,,,,,,,,,,,,,,,,,,,
Seychelles,SYC,"Literacy rate, adult total (% of people ages 15 and above)",SE.ADT.LITR.ZS,,,,,,,,,,,,,,,,,,84.22921753,,,,,,,87.8111496,,,,,,,,91.83646,,,,,,,,93.95423,,,,,,,,95.86771,
Syrian Arab Republic,SYR,"Literacy rate, adult total (% of people ages 15 and above)",SE.ADT.LITR.ZS,,,,,,,,,,,,55.65449905,,,,,,,,,,,,,,,,,,,,,82.88825,,80.84452,,,,,,,,,,,,,,,
Turks and Caicos Islands,TCA,"Literacy rate, adult total (% of people ages 15 and above)",SE.ADT.LITR.ZS,,,,,,,,,,,,,,,,,,,,,,,,,,,,,,,,,,,,,,,,,,,,,,,,,,
Chad,TCD,"Literacy rate, adult total (% of people ages 15 and above)",SE.ADT.LITR.ZS,,,,,,,,,,,,,,,,,,,,,,,,10.89465046,,,,,,,25.65421,,,,28.38143,,,,,,,,,,,26.00299,22.31155,,,
East Asia & Pacific (IDA & IBRD countries),TEA,"Literacy rate, adult total (% of people ages 15 and above)",SE.ADT.LITR.ZS,,,,,,,63.37805176,63.5488205,64.68029022,65.85253143,66.37522888,68.09223938,68.96225739,70.28240204,71.34248352,72.35601044,73.29598236,74.55003357,78.94828033,79.64945221,79.52262115,80.82849884,81.3495636,81.82592773,82.37767792,82.92167664,83.46698761,89.18044281,89.55673218,89.89668274,90.43605804,90.6772995,91.06439209,91.44515228,91.99475861,92.36785889,92.79660797,93.88745117,94.13175201,94.43798065,94.54161,94.38786,94.61261,94.71496,95.13672,95.3528,95.46849,95.67395,95.81489,
Europe & Central Asia (IDA & IBRD countries),TEC,"Literacy rate, adult total (% of people ages 15 and above)",SE.ADT.LITR.ZS,,,,,,,,,,,,,,94.21566772,94.93808746,95.17118073,95.25614166,95.41786957,95.54115295,95.65242767,95.86818695,95.90473175,96.01564026,96.12560272,96.23468018,96.34597015,96.5080719,96.61009979,96.90661621,96.96655273,97.07150269,97.14257813,97.22074127,97.28729248,97.43592834,97.61894989,97.58699036,97.67311859,97.68100739,98.15621185,98.42843,98.65026,98.76374,98.80896,98.83761,98.86424,98.96905,98.94835,98.98185,
Togo,TGO,"Literacy rate, adult total (% of people ages 15 and above)",SE.ADT.LITR.ZS,,,,,,,,,,,,,,,,,,,,,,,,,,,,,,,53.1776,,,,,,56.88837,,,57.09338,,60.40994,,,,63.74562,,,,
Thailand,THA,"Literacy rate, adult total (% of people ages 15 and above)",SE.ADT.LITR.ZS,,,,,,,,,,,87.98175812,,,,,,,,,,,,,,,,,,,,92.64654,,,,,93.50647,,,,,96.43091,,,93.70207,,92.86831,,,,
Tajikistan,TJK,"Literacy rate, adult total (% of people ages 15 and above)",SE.ADT.LITR.ZS,,,,,,,,,,,,,,,,,,,,97.69402313,,,,,,,,,,,99.45068,,,,,,,,,,,,,,99.8,,,,,
Turkmenistan,TKM,"Literacy rate, adult total (% of people ages 15 and above)",SE.ADT.LITR.ZS,,,,,,,,,,,,,,,,,,,,,,,,,,98.77832031,,,,,,,,,,,,,,,,,,,99.7,,,,,
Latin America & the Caribbean (IDA & IBRD countries),TLA,"Literacy rate, adult total (% of people ages 15 and above)",SE.ADT.LITR.ZS,,,,,77.89219666,77.91140747,78.28220367,78.71543884,79.17828369,79.597229,79.98989868,80.38784027,80.77571869,81.18425751,81.5693512,81.94220734,82.30240631,82.59362793,83.09980011,83.55753326,83.912323,84.50878906,85.14871979,85.80966949,86.39832306,87.02622223,87.36940002,87.67156982,88.16989136,88.48042297,88.73531342,88.83635712,88.95791626,89.75382233,89.73607635,90.23155212,90.23787689,90.83162689,91.10935974,91.50401306,91.48097,92.06422,92.29404,92.34312,92.79792,92.99225,93.46904,93.58714,93.75496,
Timor-Leste,TLS,"Literacy rate, adult total (% of people ages 15 and above)",SE.ADT.LITR.ZS,,,,,,,,,,,,,,,,,,,,,,,,,,,,,,,,37.6,,,,,,50.6,,,58.30898,,,,,,,,68.06683,
Middle East & North Africa (IDA & IBRD countries),TMN,"Literacy rate, adult total (% of people ages 15 and above)",SE.ADT.LITR.ZS,,,39.0068512,39.48749161,39.9798317,40.52067947,41.04875946,41.70761108,42.44655991,43.20661926,44.04832077,44.85625076,45.63782883,46.46377945,47.49008179,48.56618118,49.7469902,50.58882904,51.71699142,52.76636887,55.39273834,56.71229935,57.78865051,58.71173096,59.72954178,61.3585701,62.76903152,63.73197174,64.91188049,66.01418304,67.05738068,68.21526337,68.51264954,72.20114899,73.10896301,73.51612091,72.49503326,72.9102478,73.50450134,73.23410797,74.06062,74.2919,74.92136,75.18455,75.74665,76.40267,74.60233,75.61515,75.72189,
Tonga,TON,"Literacy rate, adult total (% of people ages 15 and above)",SE.ADT.LITR.ZS,,,,,,,99.59246063,,,,,,,,,,,,,,,,,,,,98.90537262,,,,,,,,,,99.01846,,,,,99.38553,,,,,,,99.41437,
South Asia (IDA & IBRD),TSA,"Literacy rate, adult total (% of people ages 15 and above)",SE.ADT.LITR.ZS,,,,,,36.16165161,36.16728973,36.82207108,37.47076035,38.1051712,38.72108841,38.72034073,39.95093155,40.60292816,41.25527954,41.9099884,42.56209183,43.21770859,43.96738815,44.73162842,45.47370911,45.8564415,47.14768982,48.12347031,48.8950882,49.6832695,50.48078918,51.28226089,56.16217041,56.91616058,57.68935013,58.13003922,59.21207047,60.10100174,60.87245941,60.64294052,60.81309891,61.97816849,63.63832855,64.33766174,66.01901,66.51724,67.2685,68.01312,68.73481,69.65735,70.99924,71.69524,72.25239,
Sub-Saharan Africa (IDA & IBRD countries),TSS,"Literacy rate, adult total (% of people ages 15 and above)",SE.ADT.LITR.ZS,,,,,,,,,,,,,,,,49.96350098,50.26372147,50.86479187,51.32262039,51.89262009,52.52672958,52.91543961,53.37565994,53.95251846,54.68965912,54.97827911,55.65904999,56.53203964,57.19256973,58.02350998,56.66054153,57.66170883,58.17021179,58.62910843,60.51203156,59.52307892,58.35897827,58.49887848,58.08311844,59.25123978,59.56398,61.19422,62.49471,62.81559,63.48687,64.08716,64.78863,65.05196,65.57706,
Trinidad and Tobago,TTO,"Literacy rate, adult total (% of people ages 15 and above)",SE.ADT.LITR.ZS,,,,,,,,,,,94.97032166,,,,,,,,,,96.93855286,,,,,,,,,,97.9,,,,,,,,,,98.7,,,,,,,,,
Tunisia,TUN,"Literacy rate, adult total (% of people ages 15 and above)",SE.ADT.LITR.ZS,,,,,,,,,,,,,,,48.19070053,,,,,,,,,,,,,,,,,,,,74.297,,,77.1904,77.56113,,79.13058,79.65391,80.21875,,79.03643,,,,,
Turkey,TUR,"Literacy rate, adult total (% of people ages 15 and above)",SE.ADT.LITR.ZS,,,,,,61.62768173,,,,,65.69434357,,,,,75.96823883,,,,,79.23245239,,,,,,,,,,,,,,87.36549,88.22906,88.11939,88.6559,,90.81672,92.6606,94.10609,94.91975,95.25666,95.43963,95.60142,96.16733,96.15053,,
Tuvalu,TUV,"Literacy rate, adult total (% of people ages 15 and above)",SE.ADT.LITR.ZS,,,,,,,,,,,,,,,,,,,,,,,,,,,,,,,,,,,,,,,,,,,,,,,,,,
Tanzania,TZA,"Literacy rate, adult total (% of people ages 15 and above)",SE.ADT.LITR.ZS,,,,,,,,,,,,,,,,,,,59.11380005,,,,,,,,,,,,,,69.4309,,,,,,,,67.8007,,78.10059,,,77.88723,,,,
Uganda,UGA,"Literacy rate, adult total (% of people ages 15 and above)",SE.ADT.LITR.ZS,,,,,,,,,,,,,,,,,,,,,,56.10737991,,,,,,,,,,,68.14251,,,,71.37314,,,,73.21188,,70.19822,,,,,,76.5275,
Ukraine,UKR,"Literacy rate, adult total (% of people ages 15 and above)",SE.ADT.LITR.ZS,,,,,,,,,,,,,,,,,,,,,,,,,,,,,,,,99.43041,,,,,,,,,,,99.97435,,,,,,,
Upper middle income,UMC,"Literacy rate, adult total (% of people ages 15 and above)",SE.ADT.LITR.ZS,,,,,,,67.6371994,67.82337952,68.75827026,69.66723633,70.62486267,71.51981354,72.24263,73.37354279,74.39875031,75.28137207,76.09758759,76.88361359,80.45011902,81.05982208,81.21285248,82.24320984,82.740242,83.22736359,83.68836212,84.1984024,84.66629028,89.25733185,89.6533432,89.99101257,90.44329834,90.64936829,90.85549927,91.41396332,91.86766052,92.20535278,92.39195251,93.34848785,93.58744049,93.83985138,93.9115,94.23171,94.37705,94.41675,94.6637,94.83118,95.01176,95.02833,95.18383,
Uruguay,URY,"Literacy rate, adult total (% of people ages 15 and above)",SE.ADT.LITR.ZS,,,,,,93.86106873,,,,,,,,,,95.37998199,,,,,,,,,,,96.78180695,,,,,,,,,,97.78963,97.86389,98.16356,98.26723,98.07271,98.3359,98.39594,98.36387,98.43593,98.52387,98.56147,98.61572,98.70386,
United States,USA,"Literacy rate, adult total (% of people ages 15 and above)",SE.ADT.LITR.ZS,,,,,,,,,,,,,,,,,,,,,,,,,,,,,,,,,,,,,,,,,,,,,,,,,,
Uzbekistan,UZB,"Literacy rate, adult total (% of people ages 15 and above)",SE.ADT.LITR.ZS,,,,,,,,,,,,,,,,,,,,,,,,,,,,,,,98.64258,,,,,,,,,,,,,99.99486,99.98055,99.98383,99.98657,,,
St. Vincent and the Grenadines,VCT,"Literacy rate, adult total (% of people ages 15 and above)",SE.ADT.LITR.ZS,95.63215637,,,,,,,,,,,,,,,,,,,,,,,,,,,,,,,,,,,,,,,,,,,,,,,,,
"Venezuela, RB",VEN,"Literacy rate, adult total (% of people ages 15 and above)",SE.ADT.LITR.ZS,,,,,,,,,,,,84.73220062,,,,,,,,,89.82524872,,,,,,,,,,,92.97983,,,,,,95.15464,,95.51199,,94.77022,,,,96.60522,97.12709,,,
British Virgin Islands,VGB,"Literacy rate, adult total (% of people ages 15 and above)",SE.ADT.LITR.ZS,,,,,,,,,,,,,,,,,,,,,,,,,,,,,,,,,,,,,,,,,,,,,,,,,,
Virgin Islands (U.S.),VIR,"Literacy rate, adult total (% of people ages 15 and above)",SE.ADT.LITR.ZS,,,,,,,,,,,,,,,,,,,,,,,,,,,,,,,,,,,,,,,,,,,,,,,,,,
Vietnam,VNM,"Literacy rate, adult total (% of people ages 15 and above)",SE.ADT.LITR.ZS,,,,,,,,,,83.82594299,,,,,,,,,,87.59645081,,,,,,,,,,90.27829742,90.15613,,,,,,,,,93.52045,,,,,,,,,95.00038,
Vanuatu,VUT,"Literacy rate, adult total (% of people ages 15 and above)",SE.ADT.LITR.ZS,,,,,,,,,,52.87392044,,,,,58.20000076,,,,,,,,,,68.69999695,,,,,74,,,,,78.4,,,,,,,,,,84.7,,,,87.50631,
World,WLD,"Literacy rate, adult total (% of people ages 15 and above)",SE.ADT.LITR.ZS,,,,,,,65.1939621,65.50241089,66.11704254,66.73040771,67.13516235,67.8274765,68.4658432,69.1450119,69.80885315,70.41400909,70.98042297,71.67884064,73.490448,74.0358429,74.37036896,74.91169739,75.33718109,75.74468994,76.14729309,76.53678894,76.95825958,78.99459839,80.20787811,80.55516052,80.77861786,81.01631927,81.41221619,81.94161987,82.45339966,82.41014862,82.41246796,83.00002289,83.41059875,83.72041321,84.1044,84.37161,84.72603,84.90292,85.28372,85.59638,85.89491,86.12593,86.30101,
Samoa,WSM,"Literacy rate, adult total (% of people ages 15 and above)",SE.ADT.LITR.ZS,,,,,,,,,,,,,,,,,,,,,,97.94432831,,,,,,,,,,,,,,,,,,,,98.97326,,,,,,,99.09577,
Kosovo,XKX,"Literacy rate, adult total (% of people ages 15 and above)",SE.ADT.LITR.ZS,,,,,,,,,,,,,,,,,,,,,,,,,,,,,,,,,,,,,,,,,,,,,,,,,,
"Yemen, Rep.",YEM,"Literacy rate, adult total (% of people ages 15 and above)",SE.ADT.LITR.ZS,,,,,,,,,,,,,,,,,,,,,,,,,37.09000015,,,,,,,,,,54.1,,,,,,,,,,,,,,,
South Africa,ZAF,"Literacy rate, adult total (% of people ages 15 and above)",SE.ADT.LITR.ZS,,,,,,,,,,,76.20049286,,,,,,,,,,,,,,,,82.40209961,,,,,,,,,,,88.71725,,92.89486,92.87732,93.10214,93.72947,,94.1399,94.36792,,87.04667,,
Zambia,ZMB,"Literacy rate, adult total (% of people ages 15 and above)",SE.ADT.LITR.ZS,,,,,,,,,,,,,,,,,,,,,64.9982605,,,,,,,,,68.00179291,,,69.14922,,,,,61.42829,,,83.00767,,,,,,,,86.74796,
Zimbabwe,ZWE,"Literacy rate, adult total (% of people ages 15 and above)",SE.ADT.LITR.ZS,,,,,,,,,,,,,77.79416656,,,,,,,,,,83.51258087,,,,,,,,,,,,,,,,,,,83.58271,,,88.69342,,,,,